feature,importance,target
num__vessel_count_sum_lag1,0.5465109941498588,traffic_index
num__vessel_presence_hours_lag1,0.1675805159441175,traffic_index
num__vessel_count_sum_roll3m,0.1378210251283109,traffic_index
num__vessel_presence_hours_roll3m,0.04244292005322649,traffic_index
num__mean_distance_km,0.011008128114286747,traffic_index
num__port_tide_range,0.010544232574515668,traffic_index
num__vessel_activity_count_lag1,0.009853427994544339,traffic_index
num__vessel_presence_hours_lag2,0.003271922694988442,traffic_index
num__vessel_activity_count_roll3m,0.0032706691539163405,traffic_index
num__vessel_presence_hours_roll6m,0.0032684927325498537,traffic_index
num__longitude,0.0029604060876051454,traffic_index
num__vessel_count_sum_roll3m_std,0.002915947798869167,traffic_index
num__vessel_count_sum_roll6m,0.0028901642454889514,traffic_index
num__vessel_count_sum_lag2,0.0027167361242262213,traffic_index
num__env_grid_lon,0.002651121533221115,traffic_index
num__current_magnitude_roll3m_std,0.0024366628353520966,traffic_index
num__port_lon,0.0022937336420377147,traffic_index
num__latitude,0.002219801047437999,traffic_index
num__env_grid_lat,0.0020294011267082204,traffic_index
num__current_magnitude_roll6m,0.0018055295196122776,traffic_index
