model,target,features,training_period,validation_period,training_time_s,MAE,RMSE,R2,MAPE
naive_prev_month,traffic_index,target-history-only,2021-2022,2023H1,0.0,2.852591490830238,4.141230724654578,0.9544016181838294,6.404468007690296
hist_median,traffic_index,target-history-only,2021-2022,2023H1,0.0,16.494298149654163,19.412287049810967,-0.001945236990481991,40.66186791186258
LinearRegression,traffic_index,61-shared,2021-2022,2023H1,0.1,5.054637240427737,6.454351472584158,0.8892367224186071,10.79025842950026
Ridge,traffic_index,61-shared,2021-2022,2023H1,0.0,5.3139238027069355,6.82564062178154,0.876126784061176,11.185959159485359
RandomForest,traffic_index,61-shared,2021-2022,2023H1,0.5,2.6943611754778463,3.8593645766291425,0.960397537761961,5.832226093638032
GradientBoosting,traffic_index,61-shared,2021-2022,2023H1,1.1,3.1102146074216774,4.395860714104637,0.9486218547778806,6.815995023181806
naive_prev_month,congestion_index,target-history-only,2021-2022,2023H1,0.0,0.019685812015786126,0.03084843124421469,0.9674179449797683,14.660843697270709
hist_median,congestion_index,target-history-only,2021-2022,2023H1,0.0,0.13415693313015423,0.1808533359097835,-0.11986418020745693,203.10017575778824
LinearRegression,congestion_index,61-shared,2021-2022,2023H1,0.1,0.020385546164702034,0.030312375567943962,0.9685404683996883,20.26220080046183
Ridge,congestion_index,61-shared,2021-2022,2023H1,0.1,0.020321452864623293,0.030184113951901105,0.9688061363637418,19.645013926802633
RandomForest,congestion_index,61-shared,2021-2022,2023H1,2.0,0.01905937780428233,0.02738120699810151,0.9743304956661353,16.393940193746747
GradientBoosting,congestion_index,61-shared,2021-2022,2023H1,1.5,0.022546439250007867,0.031185315408960978,0.9667024264003831,22.41581994105032
