model,target,MAE,RMSE,R2,time_s,params
naive_prev_day,traffic_target_next_day,90.548869846001,263.06779778603095,0.8726868943097612,,
seasonal_naive_7d,traffic_target_next_day,134.84500745156484,292.49980107924165,0.8426057421193553,,
hist_median,traffic_target_next_day,493.36382265275705,808.6601365257607,-0.20301156845893575,,
Ridge,traffic_target_next_day,93.95827660693502,191.40855446525464,0.9325999186126455,1.3,
RandomForest,traffic_target_next_day,70.69302875062095,139.35585851755698,0.9642736871956877,74.2,
GradientBoosting,traffic_target_next_day,79.05066285682962,147.17543776747905,0.9601518276952793,78.4,
XGBoost,traffic_target_next_day,71.59493458441283,134.79609189647147,0.9665733898639565,33.7,"{'colsample_bytree': 0.6624074561769746, 'learning_rate': 0.06119890406724053, 'max_depth': 5, 'n_estimators': 187, 'subsample': 0.7334834444556088}"
LightGBM,traffic_target_next_day,71.71252342625691,132.42304469704354,0.9677399621823254,33.6,"{'colsample_bytree': 0.8404460046972835, 'learning_rate': 0.1716145155592091, 'n_estimators': 249, 'num_leaves': 16, 'subsample': 0.8887995089067299}"
naive_prev_day,congestion_target_next_day,0.1706858451665954,0.4001434965274997,0.8403452589020568,,
seasonal_naive_7d,congestion_target_next_day,0.22792726708446776,0.4458887817251421,0.80175447801515,,
hist_median,congestion_target_next_day,0.7041524902335567,1.0648191124324786,-0.13058174727382377,,
Ridge,congestion_target_next_day,0.15586312360266485,0.2919702592214202,0.9149983168929187,1.0,
RandomForest,congestion_target_next_day,0.11821384148592798,0.2123312083351699,0.9550450046778003,81.4,
GradientBoosting,congestion_target_next_day,0.12672393690589198,0.22014341495731965,0.9516761316358181,78.2,
XGBoost,congestion_target_next_day,0.12049667090166448,0.2110727430115671,0.9555763127990055,35.1,"{'colsample_bytree': 0.6624074561769746, 'learning_rate': 0.06119890406724053, 'max_depth': 5, 'n_estimators': 187, 'subsample': 0.7334834444556088}"
LightGBM,congestion_target_next_day,0.11729696131055159,0.20118017688636064,0.9596428335854235,38.9,"{'colsample_bytree': 0.9754210836063001, 'learning_rate': 0.030155753168202865, 'n_estimators': 287, 'num_leaves': 35, 'subsample': 0.8469926038510867}"
