port_id,port_name,country,latitude,longitude,wpi_index_no,wpi_region_no,harbor_size,harbor_type,shelter,chart_ref,pub_ref,max_vessel,tide_range,un_locode,source,source_version,provenance
48613,SIKKA,IN,22.433333,69.833333,48613,48610,V,OR,P,63062,173,L,5,,NGA World Port Index (Pub 150) via Esri-hosted WPI FeatureServer (official-structure mirror),snapshot dataLastEditDate 2018-06-27 (schemaLastEditDate 2018-06-27); queried 2026-09-28,"https://services9.arcgis.com/j1CY4yzWfwptbTWN/arcgis/rest/services/WorldPortIndex_WFL1/FeatureServer/0 where=COUNTRY='IN'; official NGA page https://msi.nga.mil/Publications/WPI was 503-blocked, viewer docs confirm CSV/JSON/SHP/GPKG/FGDB outputs"
48615,VADINAR TERMINAL,IN,22.516667,69.7,48615,48610,V,OR,P,63062,173,L,6,,NGA World Port Index (Pub 150) via Esri-hosted WPI FeatureServer (official-structure mirror),snapshot dataLastEditDate 2018-06-27 (schemaLastEditDate 2018-06-27); queried 2026-09-28,"https://services9.arcgis.com/j1CY4yzWfwptbTWN/arcgis/rest/services/WorldPortIndex_WFL1/FeatureServer/0 where=COUNTRY='IN'; official NGA page https://msi.nga.mil/Publications/WPI was 503-blocked, viewer docs confirm CSV/JSON/SHP/GPKG/FGDB outputs"
48617,MUNDRA,IN,22.733333,69.7,48617,48610,S,OR,N,63062,173,L,5,,NGA World Port Index (Pub 150) via Esri-hosted WPI FeatureServer (official-structure mirror),snapshot dataLastEditDate 2018-06-27 (schemaLastEditDate 2018-06-27); queried 2026-09-28,"https://services9.arcgis.com/j1CY4yzWfwptbTWN/arcgis/rest/services/WorldPortIndex_WFL1/FeatureServer/0 where=COUNTRY='IN'; official NGA page https://msi.nga.mil/Publications/WPI was 503-blocked, viewer docs confirm CSV/JSON/SHP/GPKG/FGDB outputs"
48620,MANDVI,IN,22.833333,69.35,48620,48610,V,OR,N,63062,173,L,3,,NGA World Port Index (Pub 150) via Esri-hosted WPI FeatureServer (official-structure mirror),snapshot dataLastEditDate 2018-06-27 (schemaLastEditDate 2018-06-27); queried 2026-09-28,"https://services9.arcgis.com/j1CY4yzWfwptbTWN/arcgis/rest/services/WorldPortIndex_WFL1/FeatureServer/0 where=COUNTRY='IN'; official NGA page https://msi.nga.mil/Publications/WPI was 503-blocked, viewer docs confirm CSV/JSON/SHP/GPKG/FGDB outputs"
48630,KANDLA,IN,23.033333,70.216667,48630,48610,S,RN,F,63065,173,L,6,,NGA World Port Index (Pub 150) via Esri-hosted WPI FeatureServer (official-structure mirror),snapshot dataLastEditDate 2018-06-27 (schemaLastEditDate 2018-06-27); queried 2026-09-28,"https://services9.arcgis.com/j1CY4yzWfwptbTWN/arcgis/rest/services/WorldPortIndex_WFL1/FeatureServer/0 where=COUNTRY='IN'; official NGA page https://msi.nga.mil/Publications/WPI was 503-blocked, viewer docs confirm CSV/JSON/SHP/GPKG/FGDB outputs"
48635,NAVLAKHI,IN,22.95,70.45,48635,48610,V,OR,P,63065,173,L,6,,NGA World Port Index (Pub 150) via Esri-hosted WPI FeatureServer (official-structure mirror),snapshot dataLastEditDate 2018-06-27 (schemaLastEditDate 2018-06-27); queried 2026-09-28,"https://services9.arcgis.com/j1CY4yzWfwptbTWN/arcgis/rest/services/WorldPortIndex_WFL1/FeatureServer/0 where=COUNTRY='IN'; official NGA page https://msi.nga.mil/Publications/WPI was 503-blocked, viewer docs confirm CSV/JSON/SHP/GPKG/FGDB outputs"
48650,BEDI,IN,22.516667,70.033333,48650,48610,V,RN,G,63062,173,L,5,,NGA World Port Index (Pub 150) via Esri-hosted WPI FeatureServer (official-structure mirror),snapshot dataLastEditDate 2018-06-27 (schemaLastEditDate 2018-06-27); queried 2026-09-28,"https://services9.arcgis.com/j1CY4yzWfwptbTWN/arcgis/rest/services/WorldPortIndex_WFL1/FeatureServer/0 where=COUNTRY='IN'; official NGA page https://msi.nga.mil/Publications/WPI was 503-blocked, viewer docs confirm CSV/JSON/SHP/GPKG/FGDB outputs"
48670,OKHA,IN,22.466667,69.083333,48670,48610,V,CN,G,63063,173,L,3,,NGA World Port Index (Pub 150) via Esri-hosted WPI FeatureServer (official-structure mirror),snapshot dataLastEditDate 2018-06-27 (schemaLastEditDate 2018-06-27); queried 2026-09-28,"https://services9.arcgis.com/j1CY4yzWfwptbTWN/arcgis/rest/services/WorldPortIndex_WFL1/FeatureServer/0 where=COUNTRY='IN'; official NGA page https://msi.nga.mil/Publications/WPI was 503-blocked, viewer docs confirm CSV/JSON/SHP/GPKG/FGDB outputs"
48674,DAHEJ,IN,21.7,72.533333,48674,48610,V,OR,N,63091,173,L,7,,NGA World Port Index (Pub 150) via Esri-hosted WPI FeatureServer (official-structure mirror),snapshot dataLastEditDate 2018-06-27 (schemaLastEditDate 2018-06-27); queried 2026-09-28,"https://services9.arcgis.com/j1CY4yzWfwptbTWN/arcgis/rest/services/WorldPortIndex_WFL1/FeatureServer/0 where=COUNTRY='IN'; official NGA page https://msi.nga.mil/Publications/WPI was 503-blocked, viewer docs confirm CSV/JSON/SHP/GPKG/FGDB outputs"
48680,PORBANDAR,IN,21.633333,69.6,48680,48610,V,CB,F,63070,173,L,2,,NGA World Port Index (Pub 150) via Esri-hosted WPI FeatureServer (official-structure mirror),snapshot dataLastEditDate 2018-06-27 (schemaLastEditDate 2018-06-27); queried 2026-09-28,"https://services9.arcgis.com/j1CY4yzWfwptbTWN/arcgis/rest/services/WorldPortIndex_WFL1/FeatureServer/0 where=COUNTRY='IN'; official NGA page https://msi.nga.mil/Publications/WPI was 503-blocked, viewer docs confirm CSV/JSON/SHP/GPKG/FGDB outputs"
48690,VERAVAL,IN,20.9,70.366667,48690,48610,V,OR,F,63070,173,L,2,,NGA World Port Index (Pub 150) via Esri-hosted WPI FeatureServer (official-structure mirror),snapshot dataLastEditDate 2018-06-27 (schemaLastEditDate 2018-06-27); queried 2026-09-28,"https://services9.arcgis.com/j1CY4yzWfwptbTWN/arcgis/rest/services/WorldPortIndex_WFL1/FeatureServer/0 where=COUNTRY='IN'; official NGA page https://msi.nga.mil/Publications/WPI was 503-blocked, viewer docs confirm CSV/JSON/SHP/GPKG/FGDB outputs"
48730,PIPAVAV BANDAR,IN,20.916667,71.516667,48730,48610,S,CN,G,63080,173,L,3,,NGA World Port Index (Pub 150) via Esri-hosted WPI FeatureServer (official-structure mirror),snapshot dataLastEditDate 2018-06-27 (schemaLastEditDate 2018-06-27); queried 2026-09-28,"https://services9.arcgis.com/j1CY4yzWfwptbTWN/arcgis/rest/services/WorldPortIndex_WFL1/FeatureServer/0 where=COUNTRY='IN'; official NGA page https://msi.nga.mil/Publications/WPI was 503-blocked, viewer docs confirm CSV/JSON/SHP/GPKG/FGDB outputs"
48760,BHAVNAGAR,IN,21.766667,72.233333,48760,48610,S,RT,G,63092,173,M,12,,NGA World Port Index (Pub 150) via Esri-hosted WPI FeatureServer (official-structure mirror),snapshot dataLastEditDate 2018-06-27 (schemaLastEditDate 2018-06-27); queried 2026-09-28,"https://services9.arcgis.com/j1CY4yzWfwptbTWN/arcgis/rest/services/WorldPortIndex_WFL1/FeatureServer/0 where=COUNTRY='IN'; official NGA page https://msi.nga.mil/Publications/WPI was 503-blocked, viewer docs confirm CSV/JSON/SHP/GPKG/FGDB outputs"
48770,MAGDALLA,IN,21.15,72.75,48770,48610,V,RN,G,63091/80,173,M,5,,NGA World Port Index (Pub 150) via Esri-hosted WPI FeatureServer (official-structure mirror),snapshot dataLastEditDate 2018-06-27 (schemaLastEditDate 2018-06-27); queried 2026-09-28,"https://services9.arcgis.com/j1CY4yzWfwptbTWN/arcgis/rest/services/WorldPortIndex_WFL1/FeatureServer/0 where=COUNTRY='IN'; official NGA page https://msi.nga.mil/Publications/WPI was 503-blocked, viewer docs confirm CSV/JSON/SHP/GPKG/FGDB outputs"
48790,HAZIRA,IN,21.083333,72.633333,48790,48610,S,CB,P,63091/80,173,L,7,,NGA World Port Index (Pub 150) via Esri-hosted WPI FeatureServer (official-structure mirror),snapshot dataLastEditDate 2018-06-27 (schemaLastEditDate 2018-06-27); queried 2026-09-28,"https://services9.arcgis.com/j1CY4yzWfwptbTWN/arcgis/rest/services/WorldPortIndex_WFL1/FeatureServer/0 where=COUNTRY='IN'; official NGA page https://msi.nga.mil/Publications/WPI was 503-blocked, viewer docs confirm CSV/JSON/SHP/GPKG/FGDB outputs"
48840,MUMBAI (BOMBAY),IN,18.966667,72.866667,48840,48610,L,CT,G,63103,173,L,4,,NGA World Port Index (Pub 150) via Esri-hosted WPI FeatureServer (official-structure mirror),snapshot dataLastEditDate 2018-06-27 (schemaLastEditDate 2018-06-27); queried 2026-09-28,"https://services9.arcgis.com/j1CY4yzWfwptbTWN/arcgis/rest/services/WorldPortIndex_WFL1/FeatureServer/0 where=COUNTRY='IN'; official NGA page https://msi.nga.mil/Publications/WPI was 503-blocked, viewer docs confirm CSV/JSON/SHP/GPKG/FGDB outputs"
48845,JAWAHARLAL NEHRU PORT (NHAVA SHIVA),IN,18.95,72.95,48845,48610,M,OR,G,63103,173,L,4,,NGA World Port Index (Pub 150) via Esri-hosted WPI FeatureServer (official-structure mirror),snapshot dataLastEditDate 2018-06-27 (schemaLastEditDate 2018-06-27); queried 2026-09-28,"https://services9.arcgis.com/j1CY4yzWfwptbTWN/arcgis/rest/services/WorldPortIndex_WFL1/FeatureServer/0 where=COUNTRY='IN'; official NGA page https://msi.nga.mil/Publications/WPI was 503-blocked, viewer docs confirm CSV/JSON/SHP/GPKG/FGDB outputs"
48900,RATNAGIRI,IN,16.983333,73.283333,48900,48610,V,CN,P,63100,173,L,3,,NGA World Port Index (Pub 150) via Esri-hosted WPI FeatureServer (official-structure mirror),snapshot dataLastEditDate 2018-06-27 (schemaLastEditDate 2018-06-27); queried 2026-09-28,"https://services9.arcgis.com/j1CY4yzWfwptbTWN/arcgis/rest/services/WorldPortIndex_WFL1/FeatureServer/0 where=COUNTRY='IN'; official NGA page https://msi.nga.mil/Publications/WPI was 503-blocked, viewer docs confirm CSV/JSON/SHP/GPKG/FGDB outputs"
48960,PANAJI,IN,15.5,73.816667,48960,48610,V,CN,P,63111/0,173,M,2,,NGA World Port Index (Pub 150) via Esri-hosted WPI FeatureServer (official-structure mirror),snapshot dataLastEditDate 2018-06-27 (schemaLastEditDate 2018-06-27); queried 2026-09-28,"https://services9.arcgis.com/j1CY4yzWfwptbTWN/arcgis/rest/services/WorldPortIndex_WFL1/FeatureServer/0 where=COUNTRY='IN'; official NGA page https://msi.nga.mil/Publications/WPI was 503-blocked, viewer docs confirm CSV/JSON/SHP/GPKG/FGDB outputs"
48970,MARMAGAO,IN,15.433333,73.8,48970,48610,S,RN,G,63111/0,173,L,2,,NGA World Port Index (Pub 150) via Esri-hosted WPI FeatureServer (official-structure mirror),snapshot dataLastEditDate 2018-06-27 (schemaLastEditDate 2018-06-27); queried 2026-09-28,"https://services9.arcgis.com/j1CY4yzWfwptbTWN/arcgis/rest/services/WorldPortIndex_WFL1/FeatureServer/0 where=COUNTRY='IN'; official NGA page https://msi.nga.mil/Publications/WPI was 503-blocked, viewer docs confirm CSV/JSON/SHP/GPKG/FGDB outputs"
48990,KARWAR,IN,14.816667,74.116667,48990,48610,V,CB,G,63110,173,L,2,,NGA World Port Index (Pub 150) via Esri-hosted WPI FeatureServer (official-structure mirror),snapshot dataLastEditDate 2018-06-27 (schemaLastEditDate 2018-06-27); queried 2026-09-28,"https://services9.arcgis.com/j1CY4yzWfwptbTWN/arcgis/rest/services/WorldPortIndex_WFL1/FeatureServer/0 where=COUNTRY='IN'; official NGA page https://msi.nga.mil/Publications/WPI was 503-blocked, viewer docs confirm CSV/JSON/SHP/GPKG/FGDB outputs"
49000,BELEKERI,IN,14.7,74.266667,49000,48610,V,OR,N,63110,173,M,0,,NGA World Port Index (Pub 150) via Esri-hosted WPI FeatureServer (official-structure mirror),snapshot dataLastEditDate 2018-06-27 (schemaLastEditDate 2018-06-27); queried 2026-09-28,"https://services9.arcgis.com/j1CY4yzWfwptbTWN/arcgis/rest/services/WorldPortIndex_WFL1/FeatureServer/0 where=COUNTRY='IN'; official NGA page https://msi.nga.mil/Publications/WPI was 503-blocked, viewer docs confirm CSV/JSON/SHP/GPKG/FGDB outputs"
49030,NEW MANGALORE,IN,12.916667,74.816667,49030,48610,M,CB,F,63121,173,L,2,,NGA World Port Index (Pub 150) via Esri-hosted WPI FeatureServer (official-structure mirror),snapshot dataLastEditDate 2018-06-27 (schemaLastEditDate 2018-06-27); queried 2026-09-28,"https://services9.arcgis.com/j1CY4yzWfwptbTWN/arcgis/rest/services/WorldPortIndex_WFL1/FeatureServer/0 where=COUNTRY='IN'; official NGA page https://msi.nga.mil/Publications/WPI was 503-blocked, viewer docs confirm CSV/JSON/SHP/GPKG/FGDB outputs"
49040,AZHIKAL (AZHIKKAL),IN,11.916667,75.3,49040,48610,V,RN,P,63200,173,M,0,,NGA World Port Index (Pub 150) via Esri-hosted WPI FeatureServer (official-structure mirror),snapshot dataLastEditDate 2018-06-27 (schemaLastEditDate 2018-06-27); queried 2026-09-28,"https://services9.arcgis.com/j1CY4yzWfwptbTWN/arcgis/rest/services/WorldPortIndex_WFL1/FeatureServer/0 where=COUNTRY='IN'; official NGA page https://msi.nga.mil/Publications/WPI was 503-blocked, viewer docs confirm CSV/JSON/SHP/GPKG/FGDB outputs"
49100,CALICUT (KOZHIKODE),IN,11.25,75.766667,49100,48610,V,OR,N,63200,173,M,1,,NGA World Port Index (Pub 150) via Esri-hosted WPI FeatureServer (official-structure mirror),snapshot dataLastEditDate 2018-06-27 (schemaLastEditDate 2018-06-27); queried 2026-09-28,"https://services9.arcgis.com/j1CY4yzWfwptbTWN/arcgis/rest/services/WorldPortIndex_WFL1/FeatureServer/0 where=COUNTRY='IN'; official NGA page https://msi.nga.mil/Publications/WPI was 503-blocked, viewer docs confirm CSV/JSON/SHP/GPKG/FGDB outputs"
49110,BEYPORE,IN,11.166667,75.8,49110,48610,V,OR,F,63200,173,M,1,,NGA World Port Index (Pub 150) via Esri-hosted WPI FeatureServer (official-structure mirror),snapshot dataLastEditDate 2018-06-27 (schemaLastEditDate 2018-06-27); queried 2026-09-28,"https://services9.arcgis.com/j1CY4yzWfwptbTWN/arcgis/rest/services/WorldPortIndex_WFL1/FeatureServer/0 where=COUNTRY='IN'; official NGA page https://msi.nga.mil/Publications/WPI was 503-blocked, viewer docs confirm CSV/JSON/SHP/GPKG/FGDB outputs"
49130,KOCHI (COCHIN),IN,9.966667,76.233333,49130,48610,M,CN,G,63200/1,173,L,1,,NGA World Port Index (Pub 150) via Esri-hosted WPI FeatureServer (official-structure mirror),snapshot dataLastEditDate 2018-06-27 (schemaLastEditDate 2018-06-27); queried 2026-09-28,"https://services9.arcgis.com/j1CY4yzWfwptbTWN/arcgis/rest/services/WorldPortIndex_WFL1/FeatureServer/0 where=COUNTRY='IN'; official NGA page https://msi.nga.mil/Publications/WPI was 503-blocked, viewer docs confirm CSV/JSON/SHP/GPKG/FGDB outputs"
49160,QUILON (KOLLAM),IN,8.883333,76.583333,49160,48610,V,CB,G,63210,173,M,1,,NGA World Port Index (Pub 150) via Esri-hosted WPI FeatureServer (official-structure mirror),snapshot dataLastEditDate 2018-06-27 (schemaLastEditDate 2018-06-27); queried 2026-09-28,"https://services9.arcgis.com/j1CY4yzWfwptbTWN/arcgis/rest/services/WorldPortIndex_WFL1/FeatureServer/0 where=COUNTRY='IN'; official NGA page https://msi.nga.mil/Publications/WPI was 503-blocked, viewer docs confirm CSV/JSON/SHP/GPKG/FGDB outputs"
49170,TRIVANDRUM,IN,8.483333,76.95,49170,48610,V,OR,N,63210,173,M,1,,NGA World Port Index (Pub 150) via Esri-hosted WPI FeatureServer (official-structure mirror),snapshot dataLastEditDate 2018-06-27 (schemaLastEditDate 2018-06-27); queried 2026-09-28,"https://services9.arcgis.com/j1CY4yzWfwptbTWN/arcgis/rest/services/WorldPortIndex_WFL1/FeatureServer/0 where=COUNTRY='IN'; official NGA page https://msi.nga.mil/Publications/WPI was 503-blocked, viewer docs confirm CSV/JSON/SHP/GPKG/FGDB outputs"
49180,KOLACHEL,IN,8.166667,77.25,49180,48610,V,OR,F,63210,173,M,1,,NGA World Port Index (Pub 150) via Esri-hosted WPI FeatureServer (official-structure mirror),snapshot dataLastEditDate 2018-06-27 (schemaLastEditDate 2018-06-27); queried 2026-09-28,"https://services9.arcgis.com/j1CY4yzWfwptbTWN/arcgis/rest/services/WorldPortIndex_WFL1/FeatureServer/0 where=COUNTRY='IN'; official NGA page https://msi.nga.mil/Publications/WPI was 503-blocked, viewer docs confirm CSV/JSON/SHP/GPKG/FGDB outputs"
49320,TUTICORIN,IN,8.8,78.166667,49320,49310,S,CB,F,63250/2,173,M,1,,NGA World Port Index (Pub 150) via Esri-hosted WPI FeatureServer (official-structure mirror),snapshot dataLastEditDate 2018-06-27 (schemaLastEditDate 2018-06-27); queried 2026-09-28,"https://services9.arcgis.com/j1CY4yzWfwptbTWN/arcgis/rest/services/WorldPortIndex_WFL1/FeatureServer/0 where=COUNTRY='IN'; official NGA page https://msi.nga.mil/Publications/WPI was 503-blocked, viewer docs confirm CSV/JSON/SHP/GPKG/FGDB outputs"
49350,NAGAPPATTINAM,IN,10.766667,79.85,49350,49310,S,OR,P,63260,173,L,0,,NGA World Port Index (Pub 150) via Esri-hosted WPI FeatureServer (official-structure mirror),snapshot dataLastEditDate 2018-06-27 (schemaLastEditDate 2018-06-27); queried 2026-09-28,"https://services9.arcgis.com/j1CY4yzWfwptbTWN/arcgis/rest/services/WorldPortIndex_WFL1/FeatureServer/0 where=COUNTRY='IN'; official NGA page https://msi.nga.mil/Publications/WPI was 503-blocked, viewer docs confirm CSV/JSON/SHP/GPKG/FGDB outputs"
49370,KARAIKAL PORT,IN,10.833333,79.866667,49370,49310,S,CB,G,63260,173,L,1,,NGA World Port Index (Pub 150) via Esri-hosted WPI FeatureServer (official-structure mirror),snapshot dataLastEditDate 2018-06-27 (schemaLastEditDate 2018-06-27); queried 2026-09-28,"https://services9.arcgis.com/j1CY4yzWfwptbTWN/arcgis/rest/services/WorldPortIndex_WFL1/FeatureServer/0 where=COUNTRY='IN'; official NGA page https://msi.nga.mil/Publications/WPI was 503-blocked, viewer docs confirm CSV/JSON/SHP/GPKG/FGDB outputs"
49410,CUDDALORE,IN,11.716667,79.766667,49410,49310,V,OR,P,63260,173,L,0,,NGA World Port Index (Pub 150) via Esri-hosted WPI FeatureServer (official-structure mirror),snapshot dataLastEditDate 2018-06-27 (schemaLastEditDate 2018-06-27); queried 2026-09-28,"https://services9.arcgis.com/j1CY4yzWfwptbTWN/arcgis/rest/services/WorldPortIndex_WFL1/FeatureServer/0 where=COUNTRY='IN'; official NGA page https://msi.nga.mil/Publications/WPI was 503-blocked, viewer docs confirm CSV/JSON/SHP/GPKG/FGDB outputs"
49430,PONDICHERRY,IN,11.933333,79.833333,49430,49310,V,OR,P,63260,173,L,1,,NGA World Port Index (Pub 150) via Esri-hosted WPI FeatureServer (official-structure mirror),snapshot dataLastEditDate 2018-06-27 (schemaLastEditDate 2018-06-27); queried 2026-09-28,"https://services9.arcgis.com/j1CY4yzWfwptbTWN/arcgis/rest/services/WorldPortIndex_WFL1/FeatureServer/0 where=COUNTRY='IN'; official NGA page https://msi.nga.mil/Publications/WPI was 503-blocked, viewer docs confirm CSV/JSON/SHP/GPKG/FGDB outputs"
49450,CHENNAI (MADRAS),IN,13.1,80.3,49450,49310,L,CB,G,63271/0,173,M,1,,NGA World Port Index (Pub 150) via Esri-hosted WPI FeatureServer (official-structure mirror),snapshot dataLastEditDate 2018-06-27 (schemaLastEditDate 2018-06-27); queried 2026-09-28,"https://services9.arcgis.com/j1CY4yzWfwptbTWN/arcgis/rest/services/WorldPortIndex_WFL1/FeatureServer/0 where=COUNTRY='IN'; official NGA page https://msi.nga.mil/Publications/WPI was 503-blocked, viewer docs confirm CSV/JSON/SHP/GPKG/FGDB outputs"
49454,KAMARAJAR PORT,IN,13.266667,80.316667,49454,49310,S,CB,P,63271,173,M,1,,NGA World Port Index (Pub 150) via Esri-hosted WPI FeatureServer (official-structure mirror),snapshot dataLastEditDate 2018-06-27 (schemaLastEditDate 2018-06-27); queried 2026-09-28,"https://services9.arcgis.com/j1CY4yzWfwptbTWN/arcgis/rest/services/WorldPortIndex_WFL1/FeatureServer/0 where=COUNTRY='IN'; official NGA page https://msi.nga.mil/Publications/WPI was 503-blocked, viewer docs confirm CSV/JSON/SHP/GPKG/FGDB outputs"
49460,MACHILIPATNAM,IN,16.15,81.166667,49460,49310,V,OR,P,63281/0,173,M,1,,NGA World Port Index (Pub 150) via Esri-hosted WPI FeatureServer (official-structure mirror),snapshot dataLastEditDate 2018-06-27 (schemaLastEditDate 2018-06-27); queried 2026-09-28,"https://services9.arcgis.com/j1CY4yzWfwptbTWN/arcgis/rest/services/WorldPortIndex_WFL1/FeatureServer/0 where=COUNTRY='IN'; official NGA page https://msi.nga.mil/Publications/WPI was 503-blocked, viewer docs confirm CSV/JSON/SHP/GPKG/FGDB outputs"
49470,KAKINADA BAY,IN,17.0,82.316667,49470,49310,V,CB,P,63290,173,L,2,,NGA World Port Index (Pub 150) via Esri-hosted WPI FeatureServer (official-structure mirror),snapshot dataLastEditDate 2018-06-27 (schemaLastEditDate 2018-06-27); queried 2026-09-28,"https://services9.arcgis.com/j1CY4yzWfwptbTWN/arcgis/rest/services/WorldPortIndex_WFL1/FeatureServer/0 where=COUNTRY='IN'; official NGA page https://msi.nga.mil/Publications/WPI was 503-blocked, viewer docs confirm CSV/JSON/SHP/GPKG/FGDB outputs"
49480,VISHAKHAPATNAM,IN,17.683333,83.3,49480,49310,M,CB,G,63291/0,173,M,1,,NGA World Port Index (Pub 150) via Esri-hosted WPI FeatureServer (official-structure mirror),snapshot dataLastEditDate 2018-06-27 (schemaLastEditDate 2018-06-27); queried 2026-09-28,"https://services9.arcgis.com/j1CY4yzWfwptbTWN/arcgis/rest/services/WorldPortIndex_WFL1/FeatureServer/0 where=COUNTRY='IN'; official NGA page https://msi.nga.mil/Publications/WPI was 503-blocked, viewer docs confirm CSV/JSON/SHP/GPKG/FGDB outputs"
49535,PARADIP,IN,20.266667,86.683333,49535,49310,S,CB,G,63324,173,M,2,,NGA World Port Index (Pub 150) via Esri-hosted WPI FeatureServer (official-structure mirror),snapshot dataLastEditDate 2018-06-27 (schemaLastEditDate 2018-06-27); queried 2026-09-28,"https://services9.arcgis.com/j1CY4yzWfwptbTWN/arcgis/rest/services/WorldPortIndex_WFL1/FeatureServer/0 where=COUNTRY='IN'; official NGA page https://msi.nga.mil/Publications/WPI was 503-blocked, viewer docs confirm CSV/JSON/SHP/GPKG/FGDB outputs"
49555,HALDIA PORT,IN,22.016667,88.083333,49555,49310,V,RN,F,63322/1,173,L,3,,NGA World Port Index (Pub 150) via Esri-hosted WPI FeatureServer (official-structure mirror),snapshot dataLastEditDate 2018-06-27 (schemaLastEditDate 2018-06-27); queried 2026-09-28,"https://services9.arcgis.com/j1CY4yzWfwptbTWN/arcgis/rest/services/WorldPortIndex_WFL1/FeatureServer/0 where=COUNTRY='IN'; official NGA page https://msi.nga.mil/Publications/WPI was 503-blocked, viewer docs confirm CSV/JSON/SHP/GPKG/FGDB outputs"
49560,CALCUTTA,IN,22.55,88.333333,49560,49310,L,RN,G,63323,173,M,2,,NGA World Port Index (Pub 150) via Esri-hosted WPI FeatureServer (official-structure mirror),snapshot dataLastEditDate 2018-06-27 (schemaLastEditDate 2018-06-27); queried 2026-09-28,"https://services9.arcgis.com/j1CY4yzWfwptbTWN/arcgis/rest/services/WorldPortIndex_WFL1/FeatureServer/0 where=COUNTRY='IN'; official NGA page https://msi.nga.mil/Publications/WPI was 503-blocked, viewer docs confirm CSV/JSON/SHP/GPKG/FGDB outputs"
49720,PORT BLAIR,IN,11.683333,92.75,49720,49710,S,CN,G,63383,173,M,3,,NGA World Port Index (Pub 150) via Esri-hosted WPI FeatureServer (official-structure mirror),snapshot dataLastEditDate 2018-06-27 (schemaLastEditDate 2018-06-27); queried 2026-09-28,"https://services9.arcgis.com/j1CY4yzWfwptbTWN/arcgis/rest/services/WorldPortIndex_WFL1/FeatureServer/0 where=COUNTRY='IN'; official NGA page https://msi.nga.mil/Publications/WPI was 503-blocked, viewer docs confirm CSV/JSON/SHP/GPKG/FGDB outputs"
